Steve,RED,LEAF
methodicalcrow,RED,LEAF
Ednolium,RED,LEAF
TooTallJosh48,RED,LEAF
au_delli,RED,LEAF
FukZee98,RED,LEAF
Noer101,RED,LEAF
kidd_masters,RED,LEAF
Ikkruna,RED,LEAF
jonathq_bean,RED,LEAF
SgtMcIntyre,RED,LEAF
YeshMeLord,RED,LEAF
shyychip,RED,LEAF
twiztidsilver,RED,LEAF
OfficerClucks,RED,LEAF
69ShadesOfPeanut,RED,LEAF
realawesomekid,RED,LEAF
b055fatwodalt,RED,LEAF
curtis_jenkins,RED,LEAF
sem_nomep,RED,LEAF
finestbunny,YELLOW,LEAF
GelTheReeve,YELLOW,LEAF
GalaktischesMaedchen,YELLOW,LEAF
trees2meetyou,YELLOW,LEAF
WaffleTheShinx,YELLOW,LEAF
IceDew1,YELLOW,LEAF
zulbat1,YELLOW,LEAF
earthdefensiveforce,YELLOW,LEAF
tinkiedog,YELLOW,LEAF
browndieselmiatawagons,YELLOW,LEAF
Ajax180,BLUE,LEAF
PlasmaFPS_,BLUE,LEAF
TheOkieSquatch,BLUE,LEAF
rSuperlex46,BLUE,LEAF
Ampharoslover93,BLUE,LEAF
